ID,Al(wt%),Cr(wt%),Fe(wt%),Mo(wt%),Nb(wt%),Sn(wt%),Ti(wt%),V(wt%),Zr(wt%),Solution Temperature(℃),Solution Time(h),Aging Temperature(℃),Aging Time(h),Thermo-Mechanical Treatment Temperature(℃),Deformation(%),Processing_Description,UTS(MPa),El(%)
1,0.0,0.0,0.0,3.16,6.2700000000000005,3.1300000000000003,81.17,0.0,6.2700000000000005,0,0.0,0,0.0,20,0.0,No processing,715.0,7.6
2,0.0,0.0,0.0,2.96,11.8,2.95,76.38000000000001,0.0,5.91,0,0.0,0,0.0,20,0.0,No processing,519.0,6.4
3,0.0,0.0,0.0,2.96,8.85,2.93,79.36,0.0,5.9,0,0.0,0,0.0,20,0.0,No processing,701.0,13.6
4,0.0,0.0,0.0,2.95,5.9,2.95,82.3,0.0,5.9,0,0.0,0,0.0,20,0.0,No processing,715.0,12.5
5,0.0,0.0,0.0,2.94,5.9,2.94,85.25,0.0,2.97,0,0.0,0,0.0,20,0.0,No processing,762.0,13.8
6,0.0,0.0,0.0,3.16,9.36,3.1300000000000003,81.22,0.0,3.1300000000000003,0,0.0,0,0.0,20,0.0,No processing,692.0,14.2
7,0.0,0.0,0.0,0.0,22.36,2.0,75.64,0.0,0.0,950,2.0,0,0.0,20,89.0,the first heat treatment is Solution treatment at 950.0℃ for 2.0 hours followed by water quenching. the second heat treatment is Cold rolling at 20℃ with 89.0% reduction,680.0,13.62
8,0.0,0.0,0.0,0.0,22.36,2.0,75.64,0.0,0.0,950,2.0,250,2.0,20,89.0,the first heat treatment is Solution treatment at 950.0℃ for 2.0 hours. the second heat treatment is Aging at 250.0℃ for 2.0 hours. the third heat treatment is Cold rolling at 20℃ with 89.0% reduction,830.0,6.5
9,0.0,0.0,0.0,0.0,22.36,2.0,75.64,0.0,0.0,950,2.0,300,2.0,20,89.0,the first heat treatment is Solution treatment at 950.0℃ for 2.0 hours. the second heat treatment is Aging at 300.0℃ for 2.0 hours. the third heat treatment is Cold rolling at 20℃ with 89.0% reduction,1000.0,8.95
10,0.0,0.0,0.0,0.0,23.02,4.07,72.91,0.0,0.0,950,2.0,0,0.0,20,89.0,the first heat treatment is Solution treatment at 950.0℃ for 2.0 hours. the second heat treatment is Cold rolling at 20℃ with 89.0% reduction,600.0,13.59
11,0.0,0.0,0.0,0.0,23.02,4.07,72.91,0.0,0.0,950,2.0,250,2.0,20,89.0,the first heat treatment is Solution treatment at 950.0℃ for 2.0 hours. the second heat treatment is Aging at 250.0℃ for 2.0 hours. the third heat treatment is Cold rolling at 20℃ with 89.0% reduction,670.0,15.05
12,0.0,0.0,0.0,0.0,23.02,4.07,72.91,0.0,0.0,950,2.0,300,2.0,20,89.0,the first heat treatment is Solution treatment at 950.0℃ for 2.0 hours. the second heat treatment is Aging at 300.0℃ for 2.0 hours. the third heat treatment is Cold rolling at 20℃ with 89.0% reduction,710.0,12.26
13,0.0,0.0,0.0,0.0,23.14,0.0,73.59,0.0,3.27,950,5.0,250,0.33,20,87.5,the first heat treatment is Solution treatment at 950.0℃ for 5.0 hours. the second heat treatment is Aging at 250.0℃ for 0.33 hours. the third heat treatment is Cold rolling at 20℃ with 87.5% reduction,790.0,3.44
14,0.0,0.0,0.0,0.0,23.14,0.0,73.59,0.0,3.27,950,5.0,350,0.33,20,88.5,the first heat treatment is Solution treatment at 950.0℃ for 5.0 hours. the second heat treatment is Aging at 350.0℃ for 0.33 hours. the third heat treatment is Cold rolling at 20℃ with 88.5% reduction,964.0,2.13
15,0.0,0.0,0.0,0.0,23.14,0.0,73.59,0.0,3.27,950,5.0,425,0.33,20,89.5,the first heat treatment is Solution treatment at 950.0℃ for 5.0 hours. the second heat treatment is Aging at 425.0℃ for 0.33 hours. the third heat treatment is Cold rolling at 20℃ with 89.5% reduction,833.0,4.44
16,0.0,0.0,0.0,0.0,24.0,0.0,76.0,0.0,0.0,900,1.0,0,0.0,20,95.0,the first heat treatment is Solution treatment at 900.0℃ for 1.0 hours. the second heat treatment is Cold rolling at 20℃ with 95.0% reduction,440.0,32.0
17,0.0,0.0,0.0,0.0,24.0,0.0,76.0,0.0,0.0,900,1.0,300,0.167,20,95.0,the first heat treatment is Solution treatment at 900.0℃ for 1.0 hours. the second heat treatment is Aging at 300.0℃ for 0.167 hours. the third heat treatment is Cold rolling at 20℃ with 95.0% reduction,915.0,6.5
18,0.0,0.0,0.0,0.0,24.0,0.0,76.0,0.0,0.0,900,1.0,600,0.167,20,95.0,the first heat treatment is Solution treatment at 900.0℃ for 1.0 hours. the second heat treatment is Aging at 600.0℃ for 0.167 hours. the third heat treatment is Cold rolling at 20℃ with 95.0% reduction,580.0,6.0
19,0.0,0.0,0.0,0.0,26.0,0.0,74.0,0.0,0.0,900,1.0,0,0.0,20,95.0,the first heat treatment is Solution treatment at 900.0℃ for 1.0 hours. the second heat treatment is Cold rolling at 20℃ with 95.0% reduction,420.0,20.0
20,0.0,0.0,0.0,0.0,26.0,0.0,74.0,0.0,0.0,900,1.0,300,0.167,20,95.0,the first heat treatment is Solution treatment at 900.0℃ for 1.0 hours. the second heat treatment is Aging at 300.0℃ for 0.167 hours. the third heat treatment is Cold rolling at 20℃ with 95.0% reduction,870.0,4.0
21,0.0,0.0,0.0,0.0,26.0,0.0,74.0,0.0,0.0,900,1.0,600,0.167,20,95.0,the first heat treatment is Solution treatment at 900.0℃ for 1.0 hours. the second heat treatment is Aging at 600.0℃ for 0.167 hours. the third heat treatment is Cold rolling at 20℃ with 95.0% reduction,510.0,6.0
22,0.0,0.0,0.0,3.89,0.0,0.0,96.11,0.0,0.0,0,0.0,0,0.0,20,0.0,No processing,1019.0,16.0
23,0.0,0.0,0.0,8.09,0.0,0.0,91.91,0.0,0.0,0,0.0,0,0.0,20,0.0,No processing,921.0,25.0
24,10.2,0.0,0.0,0.0,0.0,0.0,86.2,3.6,0.0,0,0.0,0,0.0,20,0.0,No processing,1173.0,6.0
25,7.109999999999999,5.53,0.0,2.5,0.0,0.0,80.15,4.71,0.0,730,0.5,0,0.0,800,65.7,the first heat treatment is Solution treatment at 730.0℃ for 0.5 hours. the second heat treatment is Hot rolling at 800.0℃ with 65.7% reduction,973.0,22.0
26,7.109999999999999,5.53,0.0,2.5,0.0,0.0,80.15,4.71,0.0,760,0.5,0,0.0,800,65.7,the first heat treatment is Solution treatment at 760.0℃ for 0.5 hours. the second heat treatment is Hot rolling at 800.0℃ with 65.7% reduction,953.57,23.0
27,7.109999999999999,5.53,0.0,2.5,0.0,0.0,80.15,4.71,0.0,800,0.5,0,0.0,800,65.7,the first heat treatment is Solution treatment at 800.0℃ for 0.5 hours. the second heat treatment is Hot rolling at 800.0℃ with 65.7% reduction,875.28,21.92
28,7.109999999999999,5.53,0.0,2.5,0.0,0.0,80.15,4.71,0.0,830,0.5,0,0.0,800,65.7,the first heat treatment is Solution treatment at 830.0℃ for 0.5 hours. the second heat treatment is Hot rolling at 800.0℃ with 65.7% reduction,867.62,22.9
29,7.109999999999999,5.53,0.0,2.5,0.0,0.0,80.15,4.71,0.0,730,0.5,460,6.0,800,65.7,the first heat treatment is Solution treatment at 730.0℃ for 0.5 hours followed by air cooling. the second heat treatment is Aging at 460.0℃ for 6.0 hours followed by air cooling. the third heat treatment is Hot rolling at 800.0℃ with 65.7% reduction,1485.34,10.12
30,7.109999999999999,5.53,0.0,2.5,0.0,0.0,80.15,4.71,0.0,760,0.5,460,6.0,800,65.7,the first heat treatment is Solution treatment at 760.0℃ for 0.5 hours. the second heat treatment is Aging at 460.0℃ for 6.0 hours. the third heat treatment is Hot rolling at 800.0℃ with 65.7% reduction,1572.56,6.18
31,7.109999999999999,5.53,0.0,2.5,0.0,0.0,80.15,4.71,0.0,800,0.5,460,6.0,800,65.7,the first heat treatment is Solution treatment at 800.0℃ for 0.5 hours. the second heat treatment is Aging at 460.0℃ for 6.0 hours. the third heat treatment is Hot rolling at 800.0℃ with 65.7% reduction,1208.8,10.73
32,7.109999999999999,5.53,0.0,2.5,0.0,0.0,80.15,4.71,0.0,830,0.5,460,6.0,800,65.7,the first heat treatment is Solution treatment at 830.0℃ for 0.5 hours. the second heat treatment is Aging at 460.0℃ for 6.0 hours. the third heat treatment is Hot rolling at 800.0℃ with 65.7% reduction,1288.17,7.72
33,7.109999999999999,5.53,0.0,2.5,0.0,0.0,80.15,4.71,0.0,730,0.5,480,6.0,800,65.7,the first heat treatment is Solution treatment at 730.0℃ for 0.5 hours. the second heat treatment is Aging at 480.0℃ for 6.0 hours. the third heat treatment is Hot rolling at 800.0℃ with 65.7% reduction,1475.41,10.18
34,7.109999999999999,5.53,0.0,2.5,0.0,0.0,80.15,4.71,0.0,760,0.5,480,6.0,800,65.7,the first heat treatment is Solution treatment at 760.0℃ for 0.5 hours. the second heat treatment is Aging at 480.0℃ for 6.0 hours. the third heat treatment is Hot rolling at 800.0℃ with 65.7% reduction,1474.28,8.95
35,7.109999999999999,5.53,0.0,2.5,0.0,0.0,80.15,4.71,0.0,800,0.5,480,6.0,800,65.7,the first heat treatment is Solution treatment at 800.0℃ for 0.5 hours. the second heat treatment is Aging at 480.0℃ for 6.0 hours. the third heat treatment is Hot rolling at 800.0℃ with 65.7% reduction,1263.42,9.44
36,7.109999999999999,5.53,0.0,2.5,0.0,0.0,80.15,4.71,0.0,830,0.5,480,6.0,800,65.7,the first heat treatment is Solution treatment at 830.0℃ for 0.5 hours. the second heat treatment is Aging at 480.0℃ for 6.0 hours. the third heat treatment is Hot rolling at 800.0℃ with 65.7% reduction,1216.63,9.9
37,7.109999999999999,5.53,0.0,2.5,0.0,0.0,80.15,4.71,0.0,730,0.5,500,6.0,800,65.7,the first heat treatment is Solution treatment at 730.0℃ for 0.5 hours. the second heat treatment is Aging at 500.0℃ for 6.0 hours. the third heat treatment is Hot rolling at 800.0℃ with 65.7% reduction,1383.33,13.87
38,7.109999999999999,5.53,0.0,2.5,0.0,0.0,80.15,4.71,0.0,760,0.5,500,6.0,800,65.7,the first heat treatment is Solution treatment at 760.0℃ for 0.5 hours. the second heat treatment is Aging at 500.0℃ for 6.0 hours. the third heat treatment is Hot rolling at 800.0℃ with 65.7% reduction,1470.05,10.4
39,7.109999999999999,5.53,0.0,2.5,0.0,0.0,80.15,4.71,0.0,800,0.5,500,6.0,800,65.7,the first heat treatment is Solution treatment at 800.0℃ for 0.5 hours. the second heat treatment is Aging at 500.0℃ for 6.0 hours. the third heat treatment is Hot rolling at 800.0℃ with 65.7% reduction,1400.15,7.52
40,7.109999999999999,5.53,0.0,2.5,0.0,0.0,80.15,4.71,0.0,830,0.5,500,6.0,800,65.7,the first heat treatment is Solution treatment at 830.0℃ for 0.5 hours. the second heat treatment is Aging at 500.0℃ for 6.0 hours. the third heat treatment is Hot rolling at 800.0℃ with 65.7% reduction,1305.81,7.75
41,7.109999999999999,5.53,0.0,2.5,0.0,0.0,80.15,4.71,0.0,730,0.5,520,6.0,800,65.7,the first heat treatment is Solution treatment at 730.0℃ for 0.5 hours. the second heat treatment is Aging at 520.0℃ for 6.0 hours. the third heat treatment is Hot rolling at 800.0℃ with 65.7% reduction,1279.66,15.55
42,7.109999999999999,5.53,0.0,2.5,0.0,0.0,80.15,4.71,0.0,760,0.5,520,6.0,800,65.7,the first heat treatment is Solution treatment at 760.0℃ for 0.5 hours. the second heat treatment is Aging at 520.0℃ for 6.0 hours. the third heat treatment is Hot rolling at 800.0℃ with 65.7% reduction,1366.56,12.97
43,7.109999999999999,5.53,0.0,2.5,0.0,0.0,80.15,4.71,0.0,800,0.5,520,6.0,800,65.7,the first heat treatment is Solution treatment at 800.0℃ for 0.5 hours. the second heat treatment is Aging at 520.0℃ for 6.0 hours. the third heat treatment is Hot rolling at 800.0℃ with 65.7% reduction,1413.25,8.2
44,7.109999999999999,5.53,0.0,2.5,0.0,0.0,80.15,4.71,0.0,830,0.5,520,6.0,800,65.7,the first heat treatment is Solution treatment at 830.0℃ for 0.5 hours. the second heat treatment is Aging at 520.0℃ for 6.0 hours. the third heat treatment is Hot rolling at 800.0℃ with 65.7% reduction,1409.09,6.88
45,0.0,0.0,0.0,4.16,0.0,0.0,95.84,0.0,0.0,900,0.5,0,0.0,20,94.0,the first heat treatment is Solution treatment at 900.0℃ for 0.5 hours. the second heat treatment is Cold rolling at 20℃ with 94.0% reduction,743.0,31.71
46,0.0,0.0,0.0,4.24,0.0,1.28,94.48,0.0,0.0,900,0.5,0,0.0,20,94.0,the first heat treatment is Solution treatment at 900.0℃ for 0.5 hours. the second heat treatment is Cold rolling at 20℃ with 94.0% reduction,768.0,30.29
47,0.0,0.0,0.0,4.29,0.0,2.17,93.54,0.0,0.0,900,0.5,0,0.0,20,94.0,the first heat treatment is Solution treatment at 900.0℃ for 0.5 hours. the second heat treatment is Cold rolling at 20℃ with 94.0% reduction,743.0,29.44
48,0.0,0.0,0.0,4.35,0.0,3.0700000000000003,92.58,0.0,0.0,900,0.5,0,0.0,20,94.0,the first heat treatment is Solution treatment at 900.0℃ for 0.5 hours. the second heat treatment is Cold rolling at 20℃ with 94.0% reduction,738.0,24.527
49,0.0,0.0,0.0,4.4,0.0,4.01,91.59,0.0,0.0,900,0.5,0,0.0,20,94.0,the first heat treatment is Solution treatment at 900.0℃ for 0.5 hours. the second heat treatment is Cold rolling at 20℃ with 94.0% reduction,813.0,10.81
50,0.0,0.0,0.0,4.46,0.0,4.96,90.58,0.0,0.0,900,0.5,0,0.0,20,94.0,the first heat treatment is Solution treatment at 900.0℃ for 0.5 hours. the second heat treatment is Cold rolling at 20℃ with 94.0% reduction,827.0,6.44
51,0.0,0.0,0.0,4.52,0.0,5.94,89.53999999999999,0.0,0.0,900,0.5,0,0.0,20,94.0,the first heat treatment is Solution treatment at 900.0℃ for 0.5 hours. the second heat treatment is Cold rolling at 20℃ with 94.0% reduction,899.0,11.11
52,0.0,0.0,0.0,4.58,0.0,6.950000000000001,88.47,0.0,0.0,900,0.5,0,0.0,20,94.0,the first heat treatment is Solution treatment at 900.0℃ for 0.5 hours. the second heat treatment is Cold rolling at 20℃ with 94.0% reduction,801.0,19.74
53,0.0,0.0,0.0,0.0,20.73,0.0,52.580000000000005,0.0,26.69,890,1.0,0,0.0,20,20.0,the first heat treatment is Solution treatment at 890.0℃ for 1.0 hours. the second heat treatment is Cold rolling at 20℃ with 20.0% reduction,763.0,8.0
54,0.0,0.0,0.0,0.0,20.73,0.0,52.580000000000005,0.0,26.69,890,1.0,0,0.0,20,56.0,the first heat treatment is Solution treatment at 890.0℃ for 1.0 hours. the second heat treatment is Cold rolling at 20℃ with 56.0% reduction,776.0,5.0
55,0.0,0.0,0.0,0.0,20.73,0.0,52.580000000000005,0.0,26.69,890,1.0,0,0.0,20,76.0,the first heat treatment is Solution treatment at 890.0℃ for 1.0 hours. the second heat treatment is Cold rolling at 20℃ with 76.0% reduction,857.0,5.0
56,0.0,0.0,0.0,0.0,20.73,0.0,52.580000000000005,0.0,26.69,890,1.0,0,0.0,20,86.0,the first heat treatment is Solution treatment at 890.0℃ for 1.0 hours. the second heat treatment is Cold rolling at 20℃ with 86.0% reduction,941.0,4.0
57,0.0,0.0,0.0,0.0,20.73,0.0,52.580000000000005,0.0,26.69,890,1.0,890,1.0,20,86.0,the first heat treatment is Solution treatment at 890.0℃ for 1.0 hours. the second heat treatment is Aging at 890.0℃ for 1.0 hours. the third heat treatment is Cold rolling at 20℃ with 86.0% reduction,633.0,13.0
58,0.0,0.0,0.0,0.0,9.63,3.77,84.15,0.0,2.45,850,1.5,0,0.0,850,90.0,the first heat treatment is Solution treatment at 850.0℃ for 1.5 hours. the second heat treatment is Hot rolling at 850.0℃ with 90.0% reduction,752.0,19.6
59,0.0,0.0,0.0,0.0,12.32,3.86,81.31,0.0,2.51,850,1.5,0,0.0,850,90.0,the first heat treatment is Solution treatment at 850.0℃ for 1.5 hours. the second heat treatment is Hot rolling at 850.0℃ with 90.0% reduction,735.0,13.6
60,0.0,0.0,0.0,0.0,15.14,3.95,78.34,0.0,2.5700000000000003,850,1.5,0,0.0,850,90.0,the first heat treatment is Solution treatment at 850.0℃ for 1.5 hours. the second heat treatment is Hot rolling at 850.0℃ with 90.0% reduction,674.0,12.9
61,0.0,0.0,0.0,0.0,18.09,4.05,75.22999999999999,0.0,2.63,850,1.5,0,0.0,850,90.0,the first heat treatment is Solution treatment at 850.0℃ for 1.5 hours. the second heat treatment is Hot rolling at 850.0℃ with 90.0% reduction,570.0,22.3
62,0.0,0.0,0.0,0.0,24.45,4.25,68.53,0.0,2.77,850,1.5,0,0.0,850,90.0,the first heat treatment is Solution treatment at 850.0℃ for 1.5 hours. the second heat treatment is Hot rolling at 850.0℃ with 90.0% reduction,557.0,21.3
63,0.0,0.0,0.0,0.0,7.15,0.0,92.85,0.0,0.0,0,0.0,0,0.0,20,0.0,No processing,799.98,5.11
64,0.0,0.0,0.0,0.0,16.689999999999998,0.0,83.31,0.0,0.0,0,0.0,0,0.0,20,0.0,No processing,778.33,3.03
65,8.84,1.87,0.8099999999999999,2.04,0.0,0.8200000000000001,83.28999999999999,0.0,2.33,920,0.25,0,0.0,20,0.0,the first heat treatment is Solution treatment at 920.0℃ for 0.25 hours followed by water quenching,1025.0,10.96
66,8.84,1.87,0.8099999999999999,2.04,0.0,0.8200000000000001,83.28999999999999,0.0,2.33,920,1.0,0,0.0,20,0.0,the first heat treatment is Solution treatment at 920.0℃ for 1.0 hours,1010.0,10.42
67,8.84,1.87,0.8099999999999999,2.04,0.0,0.8200000000000001,83.28999999999999,0.0,2.33,850,0.25,0,0.0,20,0.0,the first heat treatment is Solution treatment at 850.0℃ for 0.25 hours,1115.0,14.38
68,8.84,1.87,0.8099999999999999,2.04,0.0,0.8200000000000001,83.28999999999999,0.0,2.33,850,1.0,0,0.0,20,0.0,the first heat treatment is Solution treatment at 850.0℃ for 1.0 hours,1070.0,14.2
69,0.0,0.0,0.0,0.0,7.649999999999999,0.0,84.55,0.0,7.79,0,0.0,0,0.0,20,0.0,No processing,849.0,21.0
70,0.0,0.0,0.0,0.0,7.649999999999999,0.0,84.55,0.0,7.79,900,1.0,0,0.0,20,0.0,the first heat treatment is Solution treatment at 900.0℃ for 1.0 hours,717.0,37.0
71,0.0,0.0,0.0,0.0,7.649999999999999,0.0,84.55,0.0,7.79,660,1.0,0,0.0,20,0.0,the first heat treatment is Solution treatment at 660.0℃ for 1.0 hours,763.0,36.0
72,0.0,0.0,0.0,0.0,8.33,0.0,91.67,0.0,0.0,900,0.5,0,0.0,20,85.0,the first heat treatment is Solution treatment at 900.0℃ for 0.5 hours. the second heat treatment is Cold rolling at 20℃ with 85.0% reduction,648.0,16.0
73,0.0,0.0,0.0,0.0,19.51,0.0,80.49,0.0,0.0,900,0.5,0,0.0,20,85.0,the first heat treatment is Solution treatment at 900.0℃ for 0.5 hours. the second heat treatment is Cold rolling at 20℃ with 85.0% reduction,550.0,22.0
74,0.0,0.0,0.0,0.0,24.0,0.0,76.0,0.0,0.0,900,0.5,0,0.0,20,85.0,the first heat treatment is Solution treatment at 900.0℃ for 0.5 hours. the second heat treatment is Cold rolling at 20℃ with 85.0% reduction,479.0,41.0
75,8.57,0.0,2.07,0.0,0.0,0.0,89.36,0.0,0.0,0,0.0,0,0.0,20,0.0,No processing,1020.0,15.0
76,10.51,0.0,0.0,0.0,3.56,0.0,85.92999999999999,0.0,0.0,0,0.0,0,0.0,20,0.0,No processing,933.0,7.1
77,0.0,0.0,0.0,0.0,26.0,0.0,74.0,0.0,0.0,900,0.5,0,0.0,20,95.0,the first heat treatment is Solution treatment at 900.0℃ for 0.5 hours. the second heat treatment is Cold rolling at 20℃ with 95.0% reduction,470.0,19.0
78,0.0,0.0,0.0,0.0,24.0,0.0,74.0,0.0,2.0,900,0.5,0,0.0,20,95.0,the first heat treatment is Solution treatment at 900.0℃ for 0.5 hours. the second heat treatment is Cold rolling at 20℃ with 95.0% reduction,440.0,30.0
79,0.0,0.0,0.0,0.0,22.0,0.0,74.0,0.0,4.0,900,0.5,0,0.0,20,95.0,the first heat treatment is Solution treatment at 900.0℃ for 0.5 hours. the second heat treatment is Cold rolling at 20℃ with 95.0% reduction,480.0,37.0
80,0.0,0.0,0.0,0.0,20.0,0.0,74.0,0.0,6.0,900,0.5,0,0.0,20,95.0,the first heat treatment is Solution treatment at 900.0℃ for 0.5 hours. the second heat treatment is Cold rolling at 20℃ with 95.0% reduction,470.0,39.0
81,0.0,0.0,0.0,0.0,18.0,0.0,74.0,0.0,8.0,900,0.5,0,0.0,20,95.0,the first heat treatment is Solution treatment at 900.0℃ for 0.5 hours. the second heat treatment is Cold rolling at 20℃ with 95.0% reduction,550.0,37.0
82,0.0,0.0,0.0,0.0,16.0,0.0,74.0,0.0,10.0,900,0.5,0,0.0,20,95.0,the first heat treatment is Solution treatment at 900.0℃ for 0.5 hours. the second heat treatment is Cold rolling at 20℃ with 95.0% reduction,520.0,22.0
83,0.0,0.0,0.0,0.0,24.45,0.0,57.23,0.0,18.31,0,0.0,0,0.0,20,0.0,No processing,839.0,15.0
84,0.0,0.0,0.0,0.0,24.45,0.0,57.23,0.0,18.31,890,1.0,0,0.0,20,0.0,the first heat treatment is Solution treatment at 890.0℃ for 1.0 hours,747.0,12.0
85,0.0,0.0,0.0,0.0,24.45,0.0,57.23,0.0,18.31,890,1.0,0,0.0,20,20.0,the first heat treatment is Solution treatment at 890.0℃ for 1.0 hours. the second heat treatment is Cold rolling at 20℃ with 20.0% reduction,788.0,8.0
86,0.0,0.0,0.0,0.0,24.45,0.0,57.23,0.0,18.31,890,1.0,0,0.0,20,56.0,the first heat treatment is Solution treatment at 890.0℃ for 1.0 hours. the second heat treatment is Cold rolling at 20℃ with 56.0% reduction,895.0,7.0
87,0.0,0.0,0.0,0.0,24.45,0.0,57.23,0.0,18.31,890,1.0,0,0.0,20,76.0,the first heat treatment is Solution treatment at 890.0℃ for 1.0 hours. the second heat treatment is Cold rolling at 20℃ with 76.0% reduction,1015.0,10.0
88,0.0,0.0,0.0,0.0,24.45,0.0,57.23,0.0,18.31,890,1.0,0,0.0,20,86.0,the first heat treatment is Solution treatment at 890.0℃ for 1.0 hours. the second heat treatment is Cold rolling at 20℃ with 86.0% reduction,1071.0,8.0
89,0.0,0.0,0.0,0.0,24.45,0.0,57.23,0.0,18.31,890,1.0,890,1.0,20,86.0,the first heat treatment is Solution treatment at 890.0℃ for 1.0 hours. the second heat treatment is Aging at 890.0℃ for 1.0 hours. the third heat treatment is Cold rolling at 20℃ with 86.0% reduction,810.0,18.0
90,0.0,0.0,2.0,0.0,14.000000000000002,0.0,84.0,0.0,0.0,850,1.0,800,1.0,20,88.0,the first heat treatment is Solution treatment at 850.0℃ for 1.0 hours. the second heat treatment is Aging at 800.0℃ for 1.0 hours. the third heat treatment is Cold rolling at 20℃ with 88.0% reduction,830.58,24.46
91,0.0,0.0,2.0,0.0,16.0,0.0,82.0,0.0,0.0,850,1.0,800,1.0,20,88.0,the first heat treatment is Solution treatment at 850.0℃ for 1.0 hours. the second heat treatment is Aging at 800.0℃ for 1.0 hours. the third heat treatment is Cold rolling at 20℃ with 88.0% reduction,739.6,24.46
92,0.0,0.0,2.0,0.0,18.0,0.0,80.0,0.0,0.0,850,1.0,800,1.0,20,88.0,the first heat treatment is Solution treatment at 850.0℃ for 1.0 hours. the second heat treatment is Aging at 800.0℃ for 1.0 hours. the third heat treatment is Cold rolling at 20℃ with 88.0% reduction,675.21,20.5
93,0.0,0.0,2.0,0.0,20.0,0.0,78.0,0.0,0.0,850,1.0,800,1.0,20,88.0,the first heat treatment is Solution treatment at 850.0℃ for 1.0 hours. the second heat treatment is Aging at 800.0℃ for 1.0 hours. the third heat treatment is Cold rolling at 20℃ with 88.0% reduction,610.08,17.91
94,0.0,0.0,2.0,0.0,22.0,0.0,76.0,0.0,0.0,850,1.0,800,1.0,20,88.0,the first heat treatment is Solution treatment at 850.0℃ for 1.0 hours. the second heat treatment is Aging at 800.0℃ for 1.0 hours. the third heat treatment is Cold rolling at 20℃ with 88.0% reduction,573.68,14.17
95,0.0,0.0,2.0,0.0,24.0,0.0,74.0,0.0,0.0,850,1.0,800,1.0,20,88.0,the first heat treatment is Solution treatment at 850.0℃ for 1.0 hours. the second heat treatment is Aging at 800.0℃ for 1.0 hours. the third heat treatment is Cold rolling at 20℃ with 88.0% reduction,545.9,21.0
96,0.0,0.0,0.0,0.0,7.649999999999999,0.0,84.55,0.0,7.79,800,1.0,0,0.0,800,35.0,the first heat treatment is Solution treatment at 800.0℃ for 1.0 hours. the second heat treatment is Hot rolling at 800.0℃ with 35.0% reduction,742.1,20.19
97,0.0,0.0,0.0,0.0,7.649999999999999,0.0,84.55,0.0,7.79,800,1.0,500,5.0,800,35.0,the first heat treatment is Solution treatment at 800.0℃ for 1.0 hours. the second heat treatment is Aging at 500.0℃ for 5.0 hours. the third heat treatment is Hot rolling at 800.0℃ with 35.0% reduction,1047.0,4.0
98,0.0,0.0,0.0,0.0,7.649999999999999,0.0,84.55,0.0,7.79,650,1.0,0,0.0,800,35.0,the first heat treatment is Solution treatment at 650.0℃ for 1.0 hours. the second heat treatment is Hot rolling at 800.0℃ with 35.0% reduction,804.27,16.97
99,0.0,0.0,0.0,0.0,7.649999999999999,0.0,84.55,0.0,7.79,650,1.0,500,5.0,800,35.0,the first heat treatment is Solution treatment at 650.0℃ for 1.0 hours. the second heat treatment is Aging at 500.0℃ for 5.0 hours. the third heat treatment is Hot rolling at 800.0℃ with 35.0% reduction,881.0,8.0
100,0.0,0.0,0.0,0.0,7.649999999999999,0.0,84.55,0.0,7.79,700,1.0,0,0.0,650,36.0,the first heat treatment is Solution treatment at 700.0℃ for 1.0 hours. the second heat treatment is Hot rolling at 650.0℃ with 36.0% reduction,796.25,20.19
101,0.0,0.0,0.0,0.0,7.649999999999999,0.0,84.55,0.0,7.79,700,1.0,500,5.0,650,37.0,the first heat treatment is Solution treatment at 700.0℃ for 1.0 hours. the second heat treatment is Aging at 500.0℃ for 5.0 hours. the third heat treatment is Hot rolling at 650.0℃ with 37.0% reduction,1000.0,12.0
102,0.0,0.0,0.0,0.0,7.649999999999999,0.0,84.55,0.0,7.79,650,1.0,0,0.0,650,38.0,the first heat treatment is Solution treatment at 650.0℃ for 1.0 hours. the second heat treatment is Hot rolling at 650.0℃ with 38.0% reduction,761.03,13.04
103,0.0,0.0,0.0,0.0,7.649999999999999,0.0,84.55,0.0,7.79,650,1.0,500,5.0,650,39.0,the first heat treatment is Solution treatment at 650.0℃ for 1.0 hours. the second heat treatment is Aging at 500.0℃ for 5.0 hours. the third heat treatment is Hot rolling at 650.0℃ with 39.0% reduction,853.0,15.0
104,0.0,0.0,0.0,3.1300000000000003,20.06,0.0,72.85000000000001,0.0,3.96,0,0.0,0,0.0,600,75.0,the first heat treatment is Hot rolling at 600.0℃ with 75.0% reduction,672.0,26.7
105,0.0,0.0,0.0,3.1300000000000003,20.06,0.0,72.85000000000001,0.0,3.96,800,0.5,300,2.0,600,75.0,the first heat treatment is Solution treatment at 800.0℃ for 0.5 hours. the second heat treatment is Aging at 300.0℃ for 2.0 hours. the third heat treatment is Hot rolling at 600.0℃ with 75.0% reduction,747.0,20.6
106,0.0,0.0,0.0,0.0,21.09,1.37,73.05,0.0,4.49,1000,1.0,0,0.0,20,0.0,the first heat treatment is Solution treatment at 1000.0℃ for 1.0 hours,562.0,20.1
107,0.0,0.0,0.0,0.0,21.09,1.37,73.05,0.0,4.49,1000,1.0,0,0.0,20,50.0,the first heat treatment is Solution treatment at 1000.0℃ for 1.0 hours. the second heat treatment is Cold rolling at 20℃ with 50.0% reduction,719.0,16.8
108,0.0,0.0,0.0,0.0,21.09,1.37,73.05,0.0,4.49,1000,1.0,0,0.0,20,90.0,the first heat treatment is Solution treatment at 1000.0℃ for 1.0 hours. the second heat treatment is Cold rolling at 20℃ with 90.0% reduction,883.0,14.9
109,0.0,0.0,0.0,1.18,15.24,1.91,81.67,0.0,0.0,750,1.0,475,0.25,20,70.0,the first heat treatment is Solution treatment at 750.0℃ for 1.0 hours. the second heat treatment is Aging at 475.0℃ for 0.25 hours. the third heat treatment is Cold rolling at 20℃ with 70.0% reduction,1113.0,3.61
110,0.0,0.0,0.0,0.0,24.0,0.0,76.0,0.0,0.0,800,1.0,0,0.0,20,85.0,the first heat treatment is Solution treatment at 800.0℃ for 1.0 hours. the second heat treatment is Cold rolling at 20℃ with 85.0% reduction,411.0,30.69
111,0.0,1.0,0.0,0.0,22.0,0.0,77.0,0.0,0.0,800,1.0,0,0.0,20,85.0,the first heat treatment is Solution treatment at 800.0℃ for 1.0 hours. the second heat treatment is Cold rolling at 20℃ with 85.0% reduction,503.0,27.53
112,0.0,2.0,0.0,0.0,20.0,0.0,78.0,0.0,0.0,800,1.0,0,0.0,20,85.0,the first heat treatment is Solution treatment at 800.0℃ for 1.0 hours. the second heat treatment is Cold rolling at 20℃ with 85.0% reduction,474.0,21.74
113,0.0,3.0,0.0,0.0,18.0,0.0,79.0,0.0,0.0,800,1.0,0,0.0,20,85.0,the first heat treatment is Solution treatment at 800.0℃ for 1.0 hours. the second heat treatment is Cold rolling at 20℃ with 85.0% reduction,523.0,21.29
114,0.0,4.0,0.0,0.0,16.0,0.0,80.0,0.0,0.0,800,1.0,0,0.0,20,85.0,the first heat treatment is Solution treatment at 800.0℃ for 1.0 hours. the second heat treatment is Cold rolling at 20℃ with 85.0% reduction,557.0,14.49
115,0.0,5.0,0.0,0.0,14.000000000000002,0.0,81.0,0.0,0.0,800,1.0,0,0.0,20,85.0,the first heat treatment is Solution treatment at 800.0℃ for 1.0 hours. the second heat treatment is Cold rolling at 20℃ with 85.0% reduction,603.0,15.56
116,0.0,0.0,0.0,5.26,0.0,0.0,94.74,0.0,0.0,0,0.0,0,0.0,20,0.0,No processing,662.99,0.71
117,0.0,0.0,0.0,5.71,0.0,0.0,94.29,0.0,0.0,0,0.0,0,0.0,20,0.0,No processing,885.45,0.35
118,0.0,0.0,0.0,6.87,0.0,0.0,93.13,0.0,0.0,0,0.0,0,0.0,20,0.0,No processing,643.1,0.09
119,0.0,0.0,0.0,8.38,0.0,0.0,91.62,0.0,0.0,0,0.0,0,0.0,20,0.0,No processing,593.48,0.14
120,0.0,0.0,0.0,0.0,20.0,0.0,80.0,0.0,0.0,0,0.0,0,0.0,20,90.0,the first heat treatment is Cold rolling at 20℃ with 90.0% reduction,779.0,6.2
121,0.0,0.0,0.0,0.0,20.0,0.0,80.0,0.0,0.0,750,1.0,0,0.0,20,91.0,the first heat treatment is Solution treatment at 750.0℃ for 1.0 hours. the second heat treatment is Cold rolling at 20℃ with 91.0% reduction,503.0,25.8
122,0.0,0.0,0.0,0.0,20.0,0.0,80.0,0.0,0.0,850,1.0,0,0.0,20,92.0,the first heat treatment is Solution treatment at 850.0℃ for 1.0 hours. the second heat treatment is Cold rolling at 20℃ with 92.0% reduction,608.0,24.9
123,0.0,0.0,0.0,0.0,20.0,0.0,80.0,0.0,0.0,950,1.0,0,0.0,20,93.0,the first heat treatment is Solution treatment at 950.0℃ for 1.0 hours. the second heat treatment is Cold rolling at 20℃ with 93.0% reduction,623.0,16.9
124,0.0,0.0,0.0,0.0,30.0,0.0,70.0,0.0,0.0,0,0.0,0,0.0,20,94.0,the first heat treatment is Cold rolling at 20℃ with 94.0% reduction,561.0,3.5
125,0.0,0.0,0.0,0.0,30.0,0.0,70.0,0.0,0.0,750,1.0,0,0.0,20,95.0,the first heat treatment is Solution treatment at 750.0℃ for 1.0 hours. the second heat treatment is Cold rolling at 20℃ with 95.0% reduction,449.0,24.0
126,0.0,0.0,0.0,0.0,30.0,0.0,70.0,0.0,0.0,850,1.0,0,0.0,20,96.0,the first heat treatment is Solution treatment at 850.0℃ for 1.0 hours. the second heat treatment is Cold rolling at 20℃ with 96.0% reduction,493.0,21.1
127,0.0,0.0,0.0,0.0,30.0,0.0,70.0,0.0,0.0,950,1.0,0,0.0,20,97.0,the first heat treatment is Solution treatment at 950.0℃ for 1.0 hours. the second heat treatment is Cold rolling at 20℃ with 97.0% reduction,587.0,17.1
128,0.0,0.0,0.0,4.08,24.58,2.2,62.7,0.0,6.44,800,0.5,0,0.0,20,0.0,the first heat treatment is Solution treatment at 800.0℃ for 0.5 hours,797.0,14.12
129,0.0,0.0,0.0,4.08,24.58,2.2,62.7,0.0,6.44,800,0.5,0,0.0,20,23.0,the first heat treatment is Solution treatment at 800.0℃ for 0.5 hours. the second heat treatment is Cold rolling at 20℃ with 23.0% reduction,857.0,12.41
130,0.0,0.0,0.0,4.08,24.58,2.2,62.7,0.0,6.44,800,0.5,0,0.0,20,44.0,the first heat treatment is Solution treatment at 800.0℃ for 0.5 hours. the second heat treatment is Cold rolling at 20℃ with 44.0% reduction,935.0,8.9
131,0.0,0.0,0.0,4.08,24.58,2.2,62.7,0.0,6.44,800,0.5,0,0.0,20,66.0,the first heat treatment is Solution treatment at 800.0℃ for 0.5 hours. the second heat treatment is Cold rolling at 20℃ with 66.0% reduction,1009.0,7.98
132,0.0,0.0,0.0,4.08,24.58,2.2,62.7,0.0,6.44,800,0.5,0,0.0,20,85.0,the first heat treatment is Solution treatment at 800.0℃ for 0.5 hours. the second heat treatment is Cold rolling at 20℃ with 85.0% reduction,1110.0,4.42
133,0.0,0.0,1.0,0.0,10.0,0.0,70.0,0.0,19.0,0,0.0,0,0.0,20,75.0,the first heat treatment is Cold rolling at 20℃ with 75.0% reduction,980.0,2.5
134,0.0,0.0,1.0,0.0,10.0,0.0,70.0,0.0,19.0,900,1.0,550,0.5,20,75.0,the first heat treatment is Solution treatment at 900.0℃ for 1.0 hours. the second heat treatment is Aging at 550.0℃ for 0.5 hours. the third heat treatment is Cold rolling at 20℃ with 75.0% reduction,794.0,5.0
135,0.0,0.0,1.0,0.0,10.0,0.0,70.0,0.0,19.0,900,1.0,600,0.5,20,75.0,the first heat treatment is Solution treatment at 900.0℃ for 1.0 hours. the second heat treatment is Aging at 600.0℃ for 0.5 hours. the third heat treatment is Cold rolling at 20℃ with 75.0% reduction,703.0,24.8
136,0.0,0.0,1.0,0.0,10.0,0.0,70.0,0.0,19.0,900,1.0,700,0.5,20,75.0,the first heat treatment is Solution treatment at 900.0℃ for 1.0 hours. the second heat treatment is Aging at 700.0℃ for 0.5 hours followed by air cooling. the third heat treatment is Cold rolling at 20℃ with 75.0% reduction,711.0,22.0
137,0.0,0.0,1.0,0.0,10.0,0.0,70.0,0.0,19.0,900,1.0,900,0.5,20,75.0,the first heat treatment is Solution treatment at 900.0℃ for 1.0 hours. the second heat treatment is Aging at 900.0℃ for 0.5 hours. the third heat treatment is Cold rolling at 20℃ with 75.0% reduction,691.0,19.4
138,0.0,11.15,0.0,0.0,0.0,0.0,88.85,0.0,0.0,850,1.0,0,0.0,1100,70.0,the first heat treatment is Solution treatment at 850.0℃ for 1.0 hours. the second heat treatment is Hot rolling at 1100.0℃ with 70.0% reduction,754.0,13.31
139,0.0,0.0,0.0,8.09,0.0,0.0,91.91,0.0,0.0,850,1.0,0,0.0,1000,70.0,the first heat treatment is Solution treatment at 850.0℃ for 1.0 hours. the second heat treatment is Hot rolling at 1000.0℃ with 70.0% reduction,669.0,45.57
140,0.0,0.0,0.0,8.68,0.0,0.0,91.32,0.0,0.0,850,1.0,0,0.0,1000,70.0,the first heat treatment is Solution treatment at 850.0℃ for 1.0 hours. the second heat treatment is Hot rolling at 1000.0℃ with 70.0% reduction,687.0,38.55
141,0.0,0.0,0.0,9.27,0.0,0.0,90.73,0.0,0.0,850,1.0,0,0.0,1000,70.0,the first heat treatment is Solution treatment at 850.0℃ for 1.0 hours. the second heat treatment is Hot rolling at 1000.0℃ with 70.0% reduction,722.0,23.82
142,0.0,0.0,0.0,9.87,0.0,0.0,90.13,0.0,0.0,850,1.0,0,0.0,1000,70.0,the first heat treatment is Solution treatment at 850.0℃ for 1.0 hours. the second heat treatment is Hot rolling at 1000.0℃ with 70.0% reduction,778.0,15.54
143,0.0,9.28,0.0,0.0,0.0,0.0,90.72,0.0,0.0,850,1.0,0,0.0,1000,70.0,the first heat treatment is Solution treatment at 850.0℃ for 1.0 hours. the second heat treatment is Hot rolling at 1000.0℃ with 70.0% reduction,863.0,18.99
144,0.0,10.22,0.0,0.0,0.0,0.0,89.78,0.0,0.0,850,1.0,0,0.0,1000,70.0,the first heat treatment is Solution treatment at 850.0℃ for 1.0 hours. the second heat treatment is Hot rolling at 1000.0℃ with 70.0% reduction,833.0,16.84
145,0.0,11.15,0.0,0.0,0.0,0.0,88.85,0.0,0.0,850,1.0,0,0.0,1000,70.0,the first heat treatment is Solution treatment at 850.0℃ for 1.0 hours. the second heat treatment is Hot rolling at 1000.0℃ with 70.0% reduction,753.0,13.29
146,0.0,12.09,0.0,0.0,0.0,0.0,87.91,0.0,0.0,850,1.0,0,0.0,1000,70.0,the first heat treatment is Solution treatment at 850.0℃ for 1.0 hours. the second heat treatment is Hot rolling at 1000.0℃ with 70.0% reduction,785.0,12.58
147,0.0,13.03,0.0,0.0,0.0,0.0,86.97,0.0,0.0,850,1.0,0,0.0,1000,70.0,the first heat treatment is Solution treatment at 850.0℃ for 1.0 hours. the second heat treatment is Hot rolling at 1000.0℃ with 70.0% reduction,789.0,13.49
148,0.0,0.0,0.0,3.0,0.0,0.0,78.09,0.0,18.91,850,1.0,0,0.0,1000,70.0,the first heat treatment is Solution treatment at 850.0℃ for 1.0 hours. the second heat treatment is Hot rolling at 1000.0℃ with 70.0% reduction,762.0,18.32
149,0.0,0.0,0.0,3.62,0.0,0.0,77.35,0.0,19.03,850,1.0,0,0.0,1000,70.0,the first heat treatment is Solution treatment at 850.0℃ for 1.0 hours. the second heat treatment is Hot rolling at 1000.0℃ with 70.0% reduction,723.0,33.32
150,0.0,0.0,0.0,4.25,0.0,0.0,76.61,0.0,19.14,850,1.0,0,0.0,1000,70.0,the first heat treatment is Solution treatment at 850.0℃ for 1.0 hours. the second heat treatment is Hot rolling at 1000.0℃ with 70.0% reduction,782.0,18.85
151,0.0,0.0,1.97,0.0,15.38,0.0,82.65,0.0,0.0,800,1.0,0,0.0,20,84.0,the first heat treatment is Solution treatment at 800.0℃ for 1.0 hours. the second heat treatment is Cold rolling at 20℃ with 84.0% reduction,739.0,24.0
152,0.0,0.0,2.0,0.0,15.590000000000002,0.94,81.47,0.0,0.0,800,1.0,0,0.0,20,84.0,the first heat treatment is Solution treatment at 800.0℃ for 1.0 hours. the second heat treatment is Cold rolling at 20℃ with 84.0% reduction,679.0,25.15
153,0.0,0.0,2.02,0.0,15.81,1.91,80.25999999999999,0.0,0.0,800,1.0,0,0.0,20,84.0,the first heat treatment is Solution treatment at 800.0℃ for 1.0 hours. the second heat treatment is Cold rolling at 20℃ with 84.0% reduction,622.0,19.04
154,0.0,0.0,2.0500000000000003,0.0,16.04,2.9000000000000004,79.01,0.0,0.0,800,1.0,0,0.0,20,84.0,the first heat treatment is Solution treatment at 800.0℃ for 1.0 hours. the second heat treatment is Cold rolling at 20℃ with 84.0% reduction,577.0,28.77
155,0.0,0.0,2.08,0.0,16.27,3.92,77.73,0.0,0.0,800,1.0,0,0.0,20,84.0,the first heat treatment is Solution treatment at 800.0℃ for 1.0 hours. the second heat treatment is Cold rolling at 20℃ with 84.0% reduction,582.0,23.78
156,0.0,0.0,0.0,0.0,19.79,0.97,79.24,0.0,0.0,950,0.5,0,0.0,20,0.0,the first heat treatment is Solution treatment at 950.0℃ for 0.5 hours,780.0,32.0
157,0.0,0.0,0.0,0.0,19.79,0.97,79.24,0.0,0.0,950,0.5,500,6.0,20,0.0,the first heat treatment is Solution treatment at 950.0℃ for 0.5 hours. the second heat treatment is Aging at 500.0℃ for 6.0 hours,1070.0,8.0
158,0.0,0.0,0.0,0.0,19.79,0.97,79.24,0.0,0.0,950,0.5,600,6.0,20,0.0,the first heat treatment is Solution treatment at 950.0℃ for 0.5 hours. the second heat treatment is Aging at 600.0℃ for 6.0 hours,685.0,7.0
159,8.92,0.0,0.86,2.51,1.04,0.0,81.43,4.72,0.53,760,8.0,620,8.0,20,0.0,the first heat treatment is Solution treatment at 760.0℃ for 8.0 hours followed by air cooling. the second heat treatment is Aging at 620.0℃ for 8.0 hours followed by air cooling,1091.0,21.5
160,8.92,0.0,0.86,2.51,1.04,0.0,81.43,4.72,0.53,800,8.0,620,8.0,20,0.0,the first heat treatment is Solution treatment at 800.0℃ for 8.0 hours. the second heat treatment is Aging at 620.0℃ for 8.0 hours,1170.0,17.5
161,8.92,0.0,0.86,2.51,1.04,0.0,81.43,4.72,0.53,840,8.0,620,8.0,20,0.0,the first heat treatment is Solution treatment at 840.0℃ for 8.0 hours. the second heat treatment is Aging at 620.0℃ for 8.0 hours,1306.0,11.5
162,8.92,0.0,0.86,2.51,1.04,0.0,81.43,4.72,0.53,820,2.0,560,12.0,20,0.0,the first heat treatment is Solution treatment at 820.0℃ for 2.0 hours. the second heat treatment is Aging at 560.0℃ for 12.0 hours,1404.0,11.0
163,8.799999999999999,0.91,0.8500000000000001,2.47,0.0,0.0,82.31,4.66,0.0,710,2.0,500,3.0,20,0.0,the first heat treatment is Solution treatment at 710.0℃ for 2.0 hours followed by air cooling. the second heat treatment is Aging at 500.0℃ for 3.0 hours followed by air cooling,1219.15,13.12
164,8.799999999999999,0.91,0.8500000000000001,2.47,0.0,0.0,82.31,4.66,0.0,720,2.0,500,3.0,20,0.0,the first heat treatment is Solution treatment at 720.0℃ for 2.0 hours. the second heat treatment is Aging at 500.0℃ for 3.0 hours,1234.01,12.57
165,8.799999999999999,0.91,0.8500000000000001,2.47,0.0,0.0,82.31,4.66,0.0,730,2.0,500,3.0,20,0.0,the first heat treatment is Solution treatment at 730.0℃ for 2.0 hours. the second heat treatment is Aging at 500.0℃ for 3.0 hours,1241.76,11.55
166,8.799999999999999,0.91,0.8500000000000001,2.47,0.0,0.0,82.31,4.66,0.0,740,2.0,500,3.0,20,0.0,the first heat treatment is Solution treatment at 740.0℃ for 2.0 hours. the second heat treatment is Aging at 500.0℃ for 3.0 hours,1276.29,10.4
167,8.799999999999999,0.91,0.8500000000000001,2.47,0.0,0.0,82.31,4.66,0.0,750,2.0,500,3.0,20,0.0,the first heat treatment is Solution treatment at 750.0℃ for 2.0 hours. the second heat treatment is Aging at 500.0℃ for 3.0 hours,1309.59,8.33
168,8.799999999999999,0.91,0.8500000000000001,2.47,0.0,0.0,82.31,4.66,0.0,760,2.0,500,3.0,20,0.0,the first heat treatment is Solution treatment at 760.0℃ for 2.0 hours. the second heat treatment is Aging at 500.0℃ for 3.0 hours,1362.37,5.9
169,8.799999999999999,0.91,0.8500000000000001,2.47,0.0,0.0,82.31,4.66,0.0,770,2.0,500,3.0,20,0.0,the first heat treatment is Solution treatment at 770.0℃ for 2.0 hours. the second heat treatment is Aging at 500.0℃ for 3.0 hours,1415.95,5.05
170,8.799999999999999,0.91,0.8500000000000001,2.47,0.0,0.0,82.31,4.66,0.0,780,2.0,500,3.0,20,0.0,the first heat treatment is Solution treatment at 780.0℃ for 2.0 hours. the second heat treatment is Aging at 500.0℃ for 3.0 hours,1436.27,3.93
171,8.799999999999999,0.91,0.8500000000000001,2.47,0.0,0.0,82.31,4.66,0.0,790,2.0,500,3.0,20,0.0,the first heat treatment is Solution treatment at 790.0℃ for 2.0 hours. the second heat treatment is Aging at 500.0℃ for 3.0 hours,1446.05,3.65
172,8.799999999999999,0.91,0.8500000000000001,2.47,0.0,0.0,82.31,4.66,0.0,800,2.0,500,3.0,20,0.0,the first heat treatment is Solution treatment at 800.0℃ for 2.0 hours. the second heat treatment is Aging at 500.0℃ for 3.0 hours,1454.21,3.63
173,8.799999999999999,0.91,0.8500000000000001,2.47,0.0,0.0,82.31,4.66,0.0,810,2.0,500,3.0,20,0.0,the first heat treatment is Solution treatment at 810.0℃ for 2.0 hours. the second heat treatment is Aging at 500.0℃ for 3.0 hours,1460.74,3.61
174,8.799999999999999,0.91,0.8500000000000001,2.47,0.0,0.0,82.31,4.66,0.0,820,2.0,500,3.0,20,0.0,the first heat treatment is Solution treatment at 820.0℃ for 2.0 hours. the second heat treatment is Aging at 500.0℃ for 3.0 hours,1460.8,3.33
175,8.799999999999999,0.91,0.8500000000000001,2.47,0.0,0.0,82.31,4.66,0.0,830,2.0,500,3.0,20,0.0,the first heat treatment is Solution treatment at 830.0℃ for 2.0 hours. the second heat treatment is Aging at 500.0℃ for 3.0 hours,1469.76,3.54
176,8.799999999999999,0.91,0.8500000000000001,2.47,0.0,0.0,82.31,4.66,0.0,840,2.0,500,3.0,20,0.0,the first heat treatment is Solution treatment at 840.0℃ for 2.0 hours. the second heat treatment is Aging at 500.0℃ for 3.0 hours,1473.05,3.35
177,8.799999999999999,0.91,0.8500000000000001,2.47,0.0,0.0,82.31,4.66,0.0,850,2.0,500,3.0,20,0.0,the first heat treatment is Solution treatment at 850.0℃ for 2.0 hours. the second heat treatment is Aging at 500.0℃ for 3.0 hours,1482.83,3.26
178,8.799999999999999,0.91,0.8500000000000001,2.47,0.0,0.0,82.31,4.66,0.0,860,2.0,500,3.0,20,0.0,the first heat treatment is Solution treatment at 860.0℃ for 2.0 hours. the second heat treatment is Aging at 500.0℃ for 3.0 hours,1492.81,3.22
179,8.799999999999999,0.91,0.8500000000000001,2.47,0.0,0.0,82.31,4.66,0.0,710,2.0,550,3.0,20,0.0,the first heat treatment is Solution treatment at 710.0℃ for 2.0 hours. the second heat treatment is Aging at 550.0℃ for 3.0 hours,1056.45,12.63
180,8.799999999999999,0.91,0.8500000000000001,2.47,0.0,0.0,82.31,4.66,0.0,720,2.0,550,3.0,20,0.0,the first heat treatment is Solution treatment at 720.0℃ for 2.0 hours. the second heat treatment is Aging at 550.0℃ for 3.0 hours,1055.99,10.37
181,8.799999999999999,0.91,0.8500000000000001,2.47,0.0,0.0,82.31,4.66,0.0,730,2.0,550,3.0,20,0.0,the first heat treatment is Solution treatment at 730.0℃ for 2.0 hours. the second heat treatment is Aging at 550.0℃ for 3.0 hours,1160.26,9.72
182,8.799999999999999,0.91,0.8500000000000001,2.47,0.0,0.0,82.31,4.66,0.0,740,2.0,550,3.0,20,0.0,the first heat treatment is Solution treatment at 740.0℃ for 2.0 hours. the second heat treatment is Aging at 550.0℃ for 3.0 hours,1200.71,9.0
183,8.799999999999999,0.91,0.8500000000000001,2.47,0.0,0.0,82.31,4.66,0.0,750,2.0,550,3.0,20,0.0,the first heat treatment is Solution treatment at 750.0℃ for 2.0 hours. the second heat treatment is Aging at 550.0℃ for 3.0 hours,1251.85,6.66
184,8.799999999999999,0.91,0.8500000000000001,2.47,0.0,0.0,82.31,4.66,0.0,760,2.0,550,3.0,20,0.0,the first heat treatment is Solution treatment at 760.0℃ for 2.0 hours. the second heat treatment is Aging at 550.0℃ for 3.0 hours,1257.15,5.02
185,8.799999999999999,0.91,0.8500000000000001,2.47,0.0,0.0,82.31,4.66,0.0,770,2.0,550,3.0,20,0.0,the first heat treatment is Solution treatment at 770.0℃ for 2.0 hours. the second heat treatment is Aging at 550.0℃ for 3.0 hours,1284.99,4.4
186,8.799999999999999,0.91,0.8500000000000001,2.47,0.0,0.0,82.31,4.66,0.0,780,2.0,550,3.0,20,0.0,the first heat treatment is Solution treatment at 780.0℃ for 2.0 hours. the second heat treatment is Aging at 550.0℃ for 3.0 hours,1300.61,3.44
187,8.799999999999999,0.91,0.8500000000000001,2.47,0.0,0.0,82.31,4.66,0.0,790,2.0,550,3.0,20,0.0,the first heat treatment is Solution treatment at 790.0℃ for 2.0 hours. the second heat treatment is Aging at 550.0℃ for 3.0 hours,1336.48,3.24
188,8.799999999999999,0.91,0.8500000000000001,2.47,0.0,0.0,82.31,4.66,0.0,800,2.0,550,3.0,20,0.0,the first heat treatment is Solution treatment at 800.0℃ for 2.0 hours. the second heat treatment is Aging at 550.0℃ for 3.0 hours,1377.68,3.52
189,8.799999999999999,0.91,0.8500000000000001,2.47,0.0,0.0,82.31,4.66,0.0,810,2.0,550,3.0,20,0.0,the first heat treatment is Solution treatment at 810.0℃ for 2.0 hours. the second heat treatment is Aging at 550.0℃ for 3.0 hours,1354.34,3.52
190,8.799999999999999,0.91,0.8500000000000001,2.47,0.0,0.0,82.31,4.66,0.0,820,2.0,550,3.0,20,0.0,the first heat treatment is Solution treatment at 820.0℃ for 2.0 hours. the second heat treatment is Aging at 550.0℃ for 3.0 hours,1361.94,3.24
191,8.799999999999999,0.91,0.8500000000000001,2.47,0.0,0.0,82.31,4.66,0.0,830,2.0,550,3.0,20,0.0,the first heat treatment is Solution treatment at 830.0℃ for 2.0 hours. the second heat treatment is Aging at 550.0℃ for 3.0 hours,1370.3,3.54
192,8.799999999999999,0.91,0.8500000000000001,2.47,0.0,0.0,82.31,4.66,0.0,840,2.0,550,3.0,20,0.0,the first heat treatment is Solution treatment at 840.0℃ for 2.0 hours. the second heat treatment is Aging at 550.0℃ for 3.0 hours,1390.12,3.35
193,8.799999999999999,0.91,0.8500000000000001,2.47,0.0,0.0,82.31,4.66,0.0,850,2.0,550,3.0,20,0.0,the first heat treatment is Solution treatment at 850.0℃ for 2.0 hours. the second heat treatment is Aging at 550.0℃ for 3.0 hours,1409.56,3.2
194,8.799999999999999,0.91,0.8500000000000001,2.47,0.0,0.0,82.31,4.66,0.0,860,2.0,550,3.0,20,0.0,the first heat treatment is Solution treatment at 860.0℃ for 2.0 hours. the second heat treatment is Aging at 550.0℃ for 3.0 hours,1423.7,3.24
195,8.66,0.0,0.0,0.0,0.0,0.98,90.35,0.0,0.0,1000,1.0,0,0.0,20,0.0,the first heat treatment is Solution treatment at 1000.0℃ for 1.0 hours followed by furnace cooling,769.0,10.6
196,8.88,0.0,0.0,2.5,0.0,1.01,87.61,0.0,0.0,1000,1.0,0,0.0,20,0.0,the first heat treatment is Solution treatment at 1000.0℃ for 1.0 hours,1016.0,5.8
197,9.11,0.0,0.0,5.12,0.0,1.04,84.73,0.0,0.0,1000,1.0,0,0.0,20,0.0,the first heat treatment is Solution treatment at 1000.0℃ for 1.0 hours,1260.0,8.4
198,9.35,0.0,0.0,7.89,0.0,1.06,81.69999999999999,0.0,0.0,1000,1.0,0,0.0,20,0.0,the first heat treatment is Solution treatment at 1000.0℃ for 1.0 hours,724.0,9.3
199,8.799999999999999,2.74,0.0,2.47,0.0,0.0,81.33,4.66,0.0,885,1.0,450,4.0,800,77.0,the first heat treatment is Solution treatment at 885.0℃ for 1.0 hours followed by water quenching. the second heat treatment is Aging at 450.0℃ for 4.0 hours followed by air cooling. the third heat treatment is Hot rolling at 800.0℃ with 77.0% reduction,1187.0,4.5
200,8.799999999999999,2.74,0.0,2.47,0.0,0.0,81.33,4.66,0.0,885,1.0,550,4.0,800,77.0,the first heat treatment is Solution treatment at 885.0℃ for 1.0 hours. the second heat treatment is Aging at 550.0℃ for 4.0 hours. the third heat treatment is Hot rolling at 800.0℃ with 77.0% reduction,1341.0,11.9
201,8.799999999999999,2.74,0.0,2.47,0.0,0.0,81.33,4.66,0.0,885,1.0,600,4.0,800,77.0,the first heat treatment is Solution treatment at 885.0℃ for 1.0 hours. the second heat treatment is Aging at 600.0℃ for 4.0 hours. the third heat treatment is Hot rolling at 800.0℃ with 77.0% reduction,1314.0,19.1
202,8.799999999999999,2.74,0.0,2.47,0.0,0.0,81.33,4.66,0.0,885,1.0,650,4.0,800,77.0,the first heat treatment is Solution treatment at 885.0℃ for 1.0 hours. the second heat treatment is Aging at 650.0℃ for 4.0 hours. the third heat treatment is Hot rolling at 800.0℃ with 77.0% reduction,1147.0,22.3
203,9.07,2.54,0.0,0.0,0.0,0.0,86.07000000000001,0.0,2.32,920,1.0,0,0.0,970,70.0,the first heat treatment is Solution treatment at 920.0℃ for 1.0 hours followed by water quenching. the second heat treatment is Hot rolling at 970.0℃ with 70.0% reduction,1413.0,12.6
204,12.03,0.0,0.0,0.0,0.0,0.0,86.09,1.08,0.8,0,0.0,0,0.0,20,0.0,No processing,787.75,14.0
205,11.63,0.0,0.0,0.0,0.0,0.0,84.73,2.17,1.47,0,0.0,0,0.0,20,0.0,No processing,840.86,10.44
206,11.21,0.0,0.0,0.0,0.0,0.0,83.44,3.2,2.14,0,0.0,0,0.0,20,0.0,No processing,963.77,7.2
207,10.8,0.0,0.0,0.0,0.0,0.0,82.07,4.24,2.88,0,0.0,0,0.0,20,0.0,No processing,1070.49,5.24
208,10.36,0.0,0.0,0.0,0.0,0.0,80.80000000000001,5.3,3.53,0,0.0,0,0.0,20,0.0,No processing,1193.4,1.81
209,9.92,0.0,0.0,0.0,0.0,0.0,79.44,6.38,4.25,0,0.0,0,0.0,20,0.0,No processing,1293.0,2.0
210,9.48,0.0,0.0,0.0,0.0,0.0,78.22,7.39,4.92,0,0.0,0,0.0,20,0.0,No processing,1253.07,4.63
211,0.0,0.0,0.0,0.0,0.0,1.66,90.6,7.739999999999999,0.0,950,2.5,0,0.0,20,86.0,the first heat treatment is Solution treatment at 950.0℃ for 2.5 hours followed by water quenching. the second heat treatment is Cold rolling at 20℃ with 86.0% reduction,1040.0,6.0
212,0.0,0.0,0.0,0.0,0.0,1.66,90.6,7.739999999999999,0.0,950,2.5,250,1.5,20,86.0,the first heat treatment is Solution treatment at 950.0℃ for 2.5 hours. the second heat treatment is Aging at 250.0℃ for 1.5 hours. the third heat treatment is Cold rolling at 20℃ with 86.0% reduction,1157.51,4.79
213,0.0,0.0,0.0,0.0,0.0,1.97,78.45,19.58,0.0,950,2.5,0,0.0,20,86.0,the first heat treatment is Solution treatment at 950.0℃ for 2.5 hours. the second heat treatment is Cold rolling at 20℃ with 86.0% reduction,867.08,8.29
214,0.0,0.0,0.0,0.0,0.0,1.97,78.45,19.58,0.0,950,2.5,250,1.5,20,86.0,the first heat treatment is Solution treatment at 950.0℃ for 2.5 hours. the second heat treatment is Aging at 250.0℃ for 1.5 hours. the third heat treatment is Cold rolling at 20℃ with 86.0% reduction,1264.12,0.5
215,0.0,0.0,0.0,0.0,0.0,2.53,85.69,11.78,0.0,950,2.5,0,0.0,20,86.0,the first heat treatment is Solution treatment at 950.0℃ for 2.5 hours. the second heat treatment is Cold rolling at 20℃ with 86.0% reduction,1024.0,10.0
216,5.46,5.67,0.0,2.0500000000000003,0.0,0.0,76.96,7.71,2.15,800,0.5,0,0.0,20,0.0,the first heat treatment is Solution treatment at 800.0℃ for 0.5 hours followed by water quenching,950.0,23.0
217,5.46,5.67,0.0,2.0500000000000003,0.0,0.0,76.96,7.71,2.15,800,0.5,450,8.0,20,0.0,the first heat treatment is Solution treatment at 800.0℃ for 0.5 hours. the second heat treatment is Aging at 450.0℃ for 8.0 hours,1700.0,0.07
218,5.46,5.67,0.0,2.0500000000000003,0.0,0.0,76.96,7.71,2.15,800,0.5,500,8.0,20,0.0,the first heat treatment is Solution treatment at 800.0℃ for 0.5 hours. the second heat treatment is Aging at 500.0℃ for 8.0 hours,1591.7,5.89
219,5.46,5.67,0.0,2.0500000000000003,0.0,0.0,76.96,7.71,2.15,800,0.5,540,8.0,20,0.0,the first heat treatment is Solution treatment at 800.0℃ for 0.5 hours. the second heat treatment is Aging at 540.0℃ for 8.0 hours,1481.53,5.47
220,5.46,5.67,0.0,2.0500000000000003,0.0,0.0,76.96,7.71,2.15,800,0.5,550,8.0,20,0.0,the first heat treatment is Solution treatment at 800.0℃ for 0.5 hours. the second heat treatment is Aging at 550.0℃ for 8.0 hours,1400.0,14.0
221,5.46,5.67,0.0,2.0500000000000003,0.0,0.0,76.96,7.71,2.15,800,0.5,600,8.0,20,0.0,the first heat treatment is Solution treatment at 800.0℃ for 0.5 hours. the second heat treatment is Aging at 600.0℃ for 8.0 hours,1200.0,21.82
222,8.959999999999999,5.11,0.0,2.01,1.5599999999999998,0.0,81.28999999999999,0.0,1.06,0,0.0,600,6.0,20,0.0,the first heat treatment is Aging at 600.0℃ for 6.0 hours followed by air cooling,886.9,19.2
223,8.959999999999999,5.11,0.0,2.01,1.5599999999999998,0.0,81.28999999999999,0.0,1.06,800,0.5,600,6.0,20,0.0,the first heat treatment is Solution treatment at 800.0℃ for 0.5 hours. the second heat treatment is Aging at 600.0℃ for 6.0 hours,1125.4,18.3
224,8.959999999999999,5.11,0.0,2.01,1.5599999999999998,0.0,81.28999999999999,0.0,1.06,800,0.5,0,0.0,20,0.0,the first heat treatment is Solution treatment at 800.0℃ for 0.5 hours,1224.3,5.2
225,7.249999999999999,2.35,0.0,3.31,1.05,0.8200000000000001,82.75,1.92,0.54,823,0.5,0,0.0,20,0.0,the first heat treatment is Solution treatment at 823.0℃ for 0.5 hours followed by water quenching,843.0,13.6
226,10.8,0.0,0.0,3.04,0.0,0.8200000000000001,83.21,0.0,2.13,920,1.0,595,8.0,920,86.4,the first heat treatment is Solution treatment at 920.0℃ for 1.0 hours followed by water quenching. the second heat treatment is Aging at 595.0℃ for 8.0 hours followed by air cooling. the third heat treatment is Hot rolling at 920.0℃ with 86.4% reduction,1497.5,0.5
227,10.8,0.0,0.0,3.04,0.0,0.8200000000000001,83.21,0.0,2.13,900,1.0,595,8.0,920,86.4,the first heat treatment is Solution treatment at 900.0℃ for 1.0 hours followed by water quenching. the second heat treatment is Aging at 595.0℃ for 8.0 hours followed by air cooling. the third heat treatment is Hot rolling at 920.0℃ with 86.4% reduction,1475.0,6.25
228,7.249999999999999,2.35,0.0,3.31,1.05,0.8200000000000001,82.75,1.92,0.54,823,0.5,580,6.0,20,0.0,the first heat treatment is Solution treatment at 823.0℃ for 0.5 hours. the second heat treatment is Aging at 580.0℃ for 6.0 hours followed by air cooling,1427.0,2.08
229,7.99,1.38,0.0,2.25,0.0,0.0,81.02000000000001,6.58,0.79,0,0.0,480,6.0,780,80.0,the first heat treatment is Aging at 480.0℃ for 6.0 hours followed by air cooling. the second heat treatment is Hot rolling at 780.0℃ with 80.0% reduction,1424.2,9.25
230,7.99,1.38,0.0,2.25,0.0,0.0,81.02000000000001,6.58,0.79,0,0.0,0,0.0,780,80.0,the first heat treatment is Hot rolling at 780.0℃ with 80.0% reduction,907.3,12.89
231,10.8,0.0,0.0,3.04,0.0,0.8200000000000001,83.21,0.0,2.13,950,1.0,0,0.0,920,86.4,the first heat treatment is Solution treatment at 950.0℃ for 1.0 hours followed by water quenching. the second heat treatment is Hot rolling at 920.0℃ with 86.4% reduction,1046.5,6.25
232,10.8,0.0,0.0,3.04,0.0,0.8200000000000001,83.21,0.0,2.13,920,1.0,0,0.0,920,86.4,the first heat treatment is Solution treatment at 920.0℃ for 1.0 hours followed by water quenching. the second heat treatment is Hot rolling at 920.0℃ with 86.4% reduction,1099.0,10.5
233,10.8,0.0,0.0,3.04,0.0,0.8200000000000001,83.21,0.0,2.13,900,1.0,0,0.0,920,86.4,the first heat treatment is Solution treatment at 900.0℃ for 1.0 hours followed by water quenching. the second heat treatment is Hot rolling at 920.0℃ with 86.4% reduction,1106.5,16.25
